model,accuracy,precision,recall,f1,roc_auc
LogisticRegression,0.9753032928942807,0.976594027441485,0.9773828756058158,0.9769882922890594,0.9935160720486766
HistGradientBoosting,0.9228769497400346,0.9344262295081968,0.9208400646203554,0.9275834011391375,0.98043120498845
RandomForest,0.9146447140381283,0.9298100743187449,0.9095315024232633,0.9195590036749693,0.9731651895580753
